カテゴリ,サブカテゴリ,問題番号,問題,選択肢A,選択肢B,選択肢C,選択肢D,正解
1. 人工知能とは,1.1 人工知能の定義,1,人工知能研究の歴史的な起源とされる会議はどれか？,ACM会議（1950年）,ダートマス会議（1956年）,IEEE国際会議（1960年）,ボストン会議（1962年）,B
1. 人工知能とは,1.1 人工知能の定義,2,「強いAI」と「弱いAI」の区別として正しいものはどれか？,強いAIは大量のデータを処理でき、弱いAIは少量のデータしか処理できない,強いAIはハードウェアに依存し、弱いAIはソフトウェアのみで動作する,強いAIは人間のような意識を持ち、弱いAIは特定のタスクのみをこなす,強いAIは企業で使用され、弱いAIは個人で使用される,C
1. 人工知能とは,1.1 人工知能の定義,3,現在実用化されているAIのほとんどはどのタイプに分類されるか？,強いAI（汎用人工知能）,弱いAI（特化型人工知能）,超知能AI,感情AI,B
1. 人工知能とは,1.1 人工知能の定義,4,チューリングテストに関する説明として正しいものはどれか？,コンピュータの処理速度を測定するテスト,人間の知能指数を測定するテスト,コンピュータが人間と区別できないほど会話できるかを判定するテスト,ロボットの身体能力を測定するテスト,C
1. 人工知能とは,1.1 人工知能の定義,5,人工知能の研究分野において「シンボルグラウンディング問題」とは何か？,AIシステムにおけるシンボル（記号）と実世界の意味との結びつけの問題,コンピュータグラフィックスにおける記号の表示方法,プログラミング言語における変数名の命名規則,数学記号をコンピュータで表現する方法,A
1. 人工知能とは,1.1 人工知能の定義,6,「特化型AI」と「汎用AI」の違いとして正しいものはどれか？,特化型AIは高価で、汎用AIは安価である,特化型AIは特定のタスクに特化し、汎用AIは多様なタスクに対応できる,特化型AIはオフラインで動作し、汎用AIはオンラインでのみ動作する,特化型AIは企業向けで、汎用AIは個人向けである,B
1. 人工知能とは,1.1 人工知能の定義,7,人工知能の「フレーム問題」に関する説明として最も適切なものはどれか？,AIシステムの画面表示に関する技術的問題,AIが実世界の状況変化に対応する際の関連情報の選択問題,動画フレームの認識に関する問題,AIハードウェアのフレームレートに関する問題,B
1. 人工知能とは,1.2 人工知能分野で活躍する技術,8,"人工知能とは

## 1.1 人工知能の定義

1. 人工知能（AI）の定義として最も適切なものはどれか？",コンピュータが人間の脳を完全に模倣したシステム,人間の知能を必要とするタスクをコンピュータに実行させる技術,機械学習のみを用いたプログラミング手法,ロボットを制御するためのソフトウェア,B
1. 人工知能とは,1.2 人工知能分野で活躍する技術,9,「エキスパートシステム」の特徴として最も適切なものはどれか？,専門家の知識をルールベースで表現し推論を行うシステム,大量のデータから自動的にパターンを学習するシステム,人間の脳の構造を模倣したニューラルネットワークを用いるシステム,遺伝的アルゴリズムを用いて最適解を探索するシステム,A
1. 人工知能とは,1.2 人工知能分野で活躍する技術,10,「機械学習」と「ディープラーニング」の関係として正しいものはどれか？,全く異なる技術分野である,ディープラーニングは機械学習の一種である,機械学習はディープラーニングの一種である,両者は同義語である,B
1. 人工知能とは,1.2 人工知能分野で活躍する技術,11,「自然言語処理（NLP）」の主な目的は何か？,人間の自然な言語をコンピュータが理解・生成できるようにすること,プログラミング言語を最適化すること,音声認識の精度を向上させること,画像内のテキストを認識すること,A
1. 人工知能とは,1.2 人工知能分野で活躍する技術,12,「コンピュータビジョン」が主に取り組む課題はどれか？,仮想現実（VR）環境の構築,画像や動画からの情報抽出と理解,コンピュータグラフィックスの生成,ディスプレイ技術の改善,B
1. 人工知能とは,1.2 人工知能分野で活躍する技術,13,「強化学習」の基本的な考え方として最も適切なものはどれか？,教師データを用いて正解を学習する,教師なしでデータのパターンを見つける,行動に対する報酬と罰に基づいて最適な行動を学習する,人間の脳の構造を模倣して学習する,C
1. 人工知能とは,1.2 人工知能分野で活躍する技術,14,「遺伝的アルゴリズム」の基本原理として正しいものはどれか？,人間の遺伝子構造を解析する,生物の進化過程を模倣した最適化アルゴリズム,DNAの構造を人工的に合成する,遺伝子治療のためのアルゴリズム,B
1. 人工知能とは,1.2 人工知能分野で活躍する技術,15,「ファジィ論理」の特徴として最も適切なものはどれか？,真（1）か偽（0）の二値論理のみを扱う,確率論に基づいた意思決定を行う,真と偽の間の曖昧さを扱うことができる多値論理,量子力学の原理に基づいた論理体系,C
2. 人工知能をめぐる動向,2.1 第一次AIブーム,16,第一次AIブームの主な研究対象として最も適切なものはどれか？,ニューラルネットワーク,遺伝的アルゴリズム,探索・推論などの記号処理,深層学習,C
2. 人工知能をめぐる動向,2.1 第一次AIブーム,17,第一次AIブームで開発された代表的なプログラムはどれか？,MYCIN,General Problem Solver,AlphaGo,Watson,B
2. 人工知能をめぐる動向,2.1 第一次AIブーム,18,第一次AIブームが終焉した主な理由として最も適切なものはどれか？,コンピュータのハードウェア性能の限界,複雑な問題に対応できない単純な探索・推論の限界,インターネットの普及による情報過多,研究資金の枯渇,B
2. 人工知能をめぐる動向,2.1 第一次AIブーム,19,第一次AIブームにおける「パーセプトロン」に関する記述として正しいものはどれか？,現在のディープラーニングの直接の先駆けとなった,当時は注目されたが、XORなどの線形分離不可能な問題を解決できないことが指摘された,エキスパートシステムの一種として開発された,自然言語処理に特化したシステムだった,B
2. 人工知能をめぐる動向,2.2 第二次AIブーム,20,第二次AIブームが起きた時期として最も適切なものはどれか？,1950年代後半～1960年代,1970年代後半～1980年代,1990年代後半～2000年代,2010年代～現在,B
2. 人工知能をめぐる動向,2.2 第二次AIブーム,21,第二次AIブームの中心的な技術として最も適切なものはどれか？,ディープラーニング,エキスパートシステム,強化学習,遺伝的アルゴリズム,B
2. 人工知能をめぐる動向,2.2 第二次AIブーム,22,エキスパートシステムの特徴として最も適切でないものはどれか？,専門家の知識をルールベースで表現する,大量のデータから自動的に学習する,if-thenルールを用いた推論を行う,特定の専門領域に特化している,B
2. 人工知能をめぐる動向,2.2 第二次AIブーム,23,第二次AIブームで開発された医療診断システムとして知られるものはどれか？,ELIZA,MYCIN,DENDRAL,AlphaFold,B
2. 人工知能をめぐる動向,2.2 第二次AIブーム,24,第二次AIブームが終焉した主な理由として最も適切なものはどれか？,ルールの記述・保守の困難さと適用範囲の狭さ,コンピュータのハードウェア性能の限界,インターネットの普及による情報過多,研究資金の枯渇,A
2. 人工知能をめぐる動向,2.3 第三次AIブーム,25,第三次AIブームが始まった時期として最も適切なものはどれか？,1980年代後半,1990年代後半,2000年代後半,2010年代～現在,D
2. 人工知能をめぐる動向,2.3 第三次AIブーム,26,第三次AIブームの主な特徴として最も適切でないものはどれか？,ビッグデータの活用,ディープラーニングの発展,ルールベースの知識表現,クラウドコンピューティングの普及,C
2. 人工知能をめぐる動向,2.3 第三次AIブーム,27,第三次AIブームの契機となった2012年のイベントとして知られるものはどれか？,IBMのWatsonがクイズ番組「Jeopardy!」で人間のチャンピオンに勝利,AlexNetが画像認識コンテスト「ILSVRC」で圧倒的な成績を収める,AlphaGoが世界チャンピオンの李世ドルに勝利,Facebookが顔認識技術を導入,B
2. 人工知能をめぐる動向,2.3 第三次AIブーム,28,第三次AIブームにおける「基盤モデル」の特徴として最も適切なものはどれか？,特定のタスクに特化した小規模なモデル,大規模なデータで事前学習され、様々なタスクに転用可能なモデル,ルールベースで構築された知識モデル,ハードウェアに依存しない軽量なモデル,B
2. 人工知能をめぐる動向,2.3 第三次AIブーム,29,生成AIの代表的な技術として最も適切でないものはどれか？,大規模言語モデル（LLM）,Diffusion Model,Generative Adversarial Network (GAN),Random Forest,D
2. 人工知能をめぐる動向,2.4 知識表現とエキスパートシステム,30,知識表現の手法として最も適切でないものはどれか？,セマンティックネットワーク,フレーム,オントロジー,勾配降下法,D
2. 人工知能をめぐる動向,2.4 知識表現とエキスパートシステム,31,エキスパートシステムの構成要素として含まれないものはどれか？,知識ベース,推論エンジン,ユーザーインターフェース,畳み込み層,D
2. 人工知能をめぐる動向,2.4 知識表現とエキスパートシステム,32,「CYC プロジェクト」の目的として最も適切なものはどれか？,人間の常識をコンピュータに実装する大規模知識ベースの構築,画像認識のための大規模データセットの作成,自然言語処理のための新しいアルゴリズムの開発,量子コンピュータ向けAIシステムの開発,A
2. 人工知能をめぐる動向,2.4 知識表現とエキスパートシステム,33,「DENDRAL」が対象としていた専門分野はどれか？,医療診断,分子構造の同定,地質学的分析,法律相談,B
2. 人工知能をめぐる動向,2.4 知識表現とエキスパートシステム,34,「Question-Answering」システムの特徴として最も適切なものはどれか？,質問に対して関連する回答を提供するシステム,画像から物体を検出するシステム,音声を文字に変換するシステム,文書を自動的に要約するシステム,A
2. 人工知能をめぐる動向,2.5 機械学習,35,機械学習の定義として最も適切なものはどれか？,コンピュータがプログラムされた通りに動作する技術,データから規則やパターンを学習し、予測や判断を行う技術,人間の脳の構造を完全に模倣した技術,ルールベースで知識を表現する技術,B
2. 人工知能をめぐる動向,2.5 機械学習,36,機械学習の主要なアプローチとして含まれないものはどれか？,教師あり学習,教師なし学習,強化学習,記号論理学,D
2. 人工知能をめぐる動向,2.5 機械学習,37,機械学習における「汎化」の意味として最も適切なものはどれか？,アルゴリズムの実行速度を向上させること,学習データ以外の未知のデータに対しても適切に対応できる能力,モデルのパラメータ数を増やすこと,データの前処理を行うこと,B
2. 人工知能をめぐる動向,2.5 機械学習,38,機械学習における「過学習」の意味として最も適切なものはどれか？,モデルが学習データに過度に適合し、汎化性能が低下する現象,学習に非常に長い時間がかかる現象,モデルが学習データを完全に無視する現象,学習データが多すぎて処理できない現象,A
2. 人工知能をめぐる動向,2.5 機械学習,39,機械学習の代表的なアルゴリズムとして含まれないものはどれか？,サポートベクターマシン,ランダムフォレスト,k-means,エキスパートシステム,D
2. 人工知能をめぐる動向,2.6 ディープラーニング,40,"人工知能をめぐる動向

## 2.1 第一次AIブーム

1. 第一次AIブームが起きた時期として最も適切なものはどれか？",1940年代後半,1950年代後半～1960年代,1970年代後半～1980年代,1990年代後半～2000年代,B
2. 人工知能をめぐる動向,2.6 ディープラーニング,41,ディープラーニングの特徴として最も適切でないものはどれか？,多層のニューラルネットワークを用いる,特徴量を自動的に学習できる,大量のデータと計算リソースを必要とする,ルールベースの知識表現を用いる,D
2. 人工知能をめぐる動向,2.6 ディープラーニング,42,ディープラーニングが従来の機械学習と比較して優れている点として最も適切なものはどれか？,少量のデータでも高い性能を発揮できる,解釈可能性が高い,特徴量の手動設計が不要で、生データから直接学習できる,計算リソースをあまり必要としない,C
2. 人工知能をめぐる動向,2.6 ディープラーニング,43,ディープラーニングの主要なアーキテクチャとして含まれないものはどれか？,畳み込みニューラルネットワーク（CNN）,リカレントニューラルネットワーク（RNN）,トランスフォーマー,決定木,D
2. 人工知能をめぐる動向,2.6 ディープラーニング,44,ImageNetとは何か？,画像生成のためのディープラーニングモデル,画像認識のための大規模な画像データセット,画像処理のためのプログラミング言語,画像圧縮のためのアルゴリズム,B
2. 人工知能をめぐる動向,2.6 ディープラーニング,45,LLM（大規模言語モデル）の特徴として最も適切でないものはどれか？,大量のテキストデータで事前学習されている,文脈を理解して自然な文章を生成できる,少量のデータで効率的に学習できる,Transformerアーキテクチャを基盤としていることが多い,C
3. 機械学習の概要,3.1 教師あり学習,46,教師あり学習の代表的なタスクとして含まれないものはどれか？,分類,回帰,クラスタリング,異常検知,C
3. 機械学習の概要,3.1 教師あり学習,47,線形回帰モデルの目的関数として一般的に用いられるものはどれか？,クロスエントロピー誤差,平均二乗誤差（MSE）,シルエットスコア,報酬の期待値,B
3. 機械学習の概要,3.1 教師あり学習,48,ロジスティック回帰の特徴として最も適切なものはどれか？,連続値の予測に用いられる,教師なし学習の一種である,二値分類問題に用いられる,ディープラーニングの一種である,C
3. 機械学習の概要,3.1 教師あり学習,49,サポートベクターマシン（SVM）の基本的な考え方として最も適切なものはどれか？,クラス間のマージンを最大化する決定境界を見つける,確率分布を推定してデータを分類する,類似したデータ点をグループ化する,ニューロンの階層的ネットワークを構築する,A
3. 機械学習の概要,3.1 教師あり学習,50,k近傍法（k-NN）のアルゴリズムとして正しいものはどれか？,データを階層的にクラスタリングする,最も近いk個のデータ点の多数決で分類する,決定木をk個組み合わせて予測する,k個の特徴量を選択して分類する,B
3. 機械学習の概要,3.1 教師あり学習,51,決定木の特徴として最も適切でないものはどれか？,解釈可能性が高い,非線形の関係性を捉えることができる,過学習しにくい,特徴量の重要度を評価できる,C
3. 機械学習の概要,3.1 教師あり学習,52,ランダムフォレストの特徴として最も適切なものはどれか？,単一の決定木を最適化する,複数の決定木の予測を集約する,線形モデルのアンサンブル手法である,教師なし学習の一種である,B
3. 機械学習の概要,3.1 教師あり学習,53,AdaBoostの基本的な考え方として最も適切なものはどれか？,誤分類されたデータに重みを置いて逐次的に弱学習器を学習する,ランダムにデータをサンプリングして複数のモデルを学習する,特徴量をランダムに選択して決定木を構築する,ニューラルネットワークの層を徐々に深くしていく,A
3. 機械学習の概要,3.1 教師あり学習,54,勾配ブースティング法の特徴として最も適切なものはどれか？,前のモデルの誤差を次のモデルが予測するよう逐次的に学習する,すべてのモデルを並列に学習する,単一の深いニューラルネットワークを学習する,クラスタリングを行ってからモデルを構築する,A
3. 機械学習の概要,3.2 教師なし学習,55,教師なし学習の定義として最も適切なものはどれか？,入力データと正解ラベルのペアを用いて学習するアルゴリズム,入力データのみを用いてパターンや構造を発見するアルゴリズム,環境との相互作用から報酬を最大化するよう学習するアルゴリズム,人間の指示に従って学習するアルゴリズム,B
3. 機械学習の概要,3.2 教師なし学習,56,教師なし学習の代表的なタスクとして含まれないものはどれか？,クラスタリング,次元削減,異常検知,分類,D
3. 機械学習の概要,3.2 教師なし学習,57,k-means法の目的関数として一般的に用いられるものはどれか？,クロスエントロピー誤差,平均二乗誤差（MSE）,クラスタ内の二乗距離の総和,シルエットスコア,C
3. 機械学習の概要,3.2 教師なし学習,58,階層的クラスタリングの特徴として最も適切でないものはどれか？,クラスタ数を事前に指定する必要がある,ボトムアップ（凝集型）とトップダウン（分割型）のアプローチがある,デンドログラムを用いて結果を可視化できる,クラスタ間の距離の定義方法によって結果が変わる,A
3. 機械学習の概要,3.2 教師なし学習,59,主成分分析（PCA）の目的として最も適切なものはどれか？,データの分類を行う,データの次元を削減しながら分散を最大限保持する,データのクラスタリングを行う,データの異常を検出する,B
3. 機械学習の概要,3.2 教師なし学習,60,t-SNEの特徴として最も適切なものはどれか？,線形の次元削減手法である,高次元データの局所的構造を保持しながら低次元に埋め込む,教師あり学習の一種である,計算コストが非常に低い,B
3. 機械学習の概要,3.2 教師なし学習,61,オートエンコーダの基本的な構造として最も適切なものはどれか？,入力を圧縮して再構成する符号化器と復号化器からなるネットワーク,複数の決定木を組み合わせたアンサンブルモデル,再帰的な構造を持つニューラルネットワーク,確率的なグラフィカルモデル,A
3. 機械学習の概要,3.2 教師なし学習,62,異常検知の手法として含まれないものはどれか？,One-Class SVM,Isolation Forest,Local Outlier Factor,ロジスティック回帰,D
3. 機械学習の概要,3.2 教師なし学習,63,VAE（Variational Autoencoder）の特徴として最も適切なものはどれか？,確率的な潜在変数を用いた生成モデルである,敵対的な二つのネットワークで構成される,時系列データの予測に特化している,教師あり学習の一種である,A
3. 機械学習の概要,3.2 教師なし学習,64,自己組織化マップ（SOM）の特徴として最も適切なものはどれか？,高次元データを低次元格子に写像する教師なし学習アルゴリズム,深層強化学習の一種,画像生成に特化したモデル,自然言語処理のための言語モデル,A
3. 機械学習の概要,3.3 強化学習,65,強化学習の定義として最も適切なものはどれか？,入力データと正解ラベルのペアを用いて学習するアルゴリズム,入力データのみを用いてパターンを発見するアルゴリズム,環境との相互作用から得られる報酬を最大化するよう学習するアルゴリズム,人間の脳の構造を模倣して学習するアルゴリズム,C
3. 機械学習の概要,3.3 強化学習,66,強化学習の基本的な要素として含まれないものはどれか？,エージェント,環境,報酬,教師データ,D
3. 機械学習の概要,3.3 強化学習,67,強化学習における「方策（ポリシー）」とは何か？,環境の状態遷移を表す関数,エージェントが各状態でとるべき行動を決定する戦略,報酬の割引率を決定する関数,学習率を調整するスケジューリング方法,B
3. 機械学習の概要,3.3 強化学習,68,Q学習の特徴として最も適切なものはどれか？,方策オン型の強化学習アルゴリズム,方策オフ型の強化学習アルゴリズム,教師あり学習の一種,モデルベースの強化学習アルゴリズム,B
3. 機械学習の概要,3.3 強化学習,69,強化学習における「探索と活用のトレードオフ」とは何か？,計算リソースと精度のバランス,新しい行動を試す（探索）か、既知の最良の行動を選ぶ（活用）かのバランス,オンライン学習とバッチ学習のバランス,モデルの複雑さと解釈可能性のバランス,B
3. 機械学習の概要,3.3 強化学習,70,深層強化学習（Deep Reinforcement Learning）の特徴として最も適切なものはどれか？,深層ニューラルネットワークを用いて強化学習の関数を近似する,深い決定木を用いて強化学習を行う,深層生成モデルを用いて環境をシミュレーションする,深層クラスタリングを用いて状態空間を分割する,A
3. 機械学習の概要,3.3 強化学習,71,「Actor-Critic」アルゴリズムの特徴として最も適切なものはどれか？,方策（Actor）と価値関数（Critic）の両方を学習する,単一のネットワークで方策のみを学習する,環境のモデルを明示的に学習する,教師あり学習と強化学習を組み合わせたハイブリッドアルゴリズム,A
3. 機械学習の概要,3.3 強化学習,72,「REINFORCE」アルゴリズムの特徴として最も適切なものはどれか？,方策勾配法の一種である,Q学習の拡張である,モデルベースの強化学習アルゴリズムである,教師あり学習と強化学習を組み合わせたハイブリッドアルゴリズム,A
3. 機械学習の概要,3.3 強化学習,73,「マルチエージェント強化学習」の特徴として最も適切なものはどれか？,複数のエージェントが同時に学習・行動する環境での強化学習,単一エージェントが複数のタスクを学習する強化学習,複数のCPUを用いて並列計算を行う強化学習,複数の報酬関数を同時に最適化する強化学習,A
3. 機械学習の概要,3.3 強化学習,74,「逆強化学習」の目的として最も適切なものはどれか？,エージェントの行動から報酬関数を推定する,強化学習の逆問題を解く,負の報酬を最大化する,教師あり学習の代わりに強化学習を用いる,A
3. 機械学習の概要,3.4 モデルの選択・評価,75,"機械学習の概要

## 3.1 教師あり学習

1. 教師あり学習の定義として最も適切なものはどれか？",入力データと正解ラベルのペアを用いて学習するアルゴリズム,入力データのみを用いてパターンを発見するアルゴリズム,環境との相互作用から報酬を最大化するよう学習するアルゴリズム,人間の指示なしに自律的に学習するアルゴリズム,A
3. 機械学習の概要,3.4 モデルの選択・評価,76,機械学習における「バイアス・バリアンストレードオフ」の説明として最も適切なものはどれか？,学習時間と予測精度のトレードオフ,モデルの複雑さと解釈可能性のトレードオフ,モデルの単純さ（高バイアス）と複雑さ（高バリアンス）のトレードオフ,訓練データと検証データの比率のトレードオフ,C
3. 機械学習の概要,3.4 モデルの選択・評価,77,「交差検証（クロスバリデーション）」の目的として最も適切なものはどれか？,モデルの学習を高速化する,モデルの汎化性能を評価する,モデルのパラメータを最適化する,モデルの解釈可能性を向上させる,B
3. 機械学習の概要,3.4 モデルの選択・評価,78,k分割交差検証（k-fold cross validation）の手順として正しいものはどれか？,データをk個のグループに分け、各グループを1回ずつテストデータとして使用し、残りを訓練データとして使用する,k個のモデルを並列に学習し、その平均を最終モデルとする,データからランダムにk個のサンプルを選び、それらだけでモデルを評価する,k個の特徴量を選択してモデルを構築する,A
3. 機械学習の概要,3.4 モデルの選択・評価,79,「ホールドアウト法」の説明として最も適切なものはどれか？,データを訓練セットとテストセットに分割し、訓練セットでモデルを学習し、テストセットで評価する,一部のデータを意図的に欠損させてモデルの頑健性を評価する,特定の特徴量を除外してモデルの性能変化を測定する,モデルの一部のパラメータを固定して学習する,A
3. 機械学習の概要,3.4 モデルの選択・評価,80,分類問題の評価指標として含まれないものはどれか？,精度（Accuracy）,適合率（Precision）,再現率（Recall）,平均二乗誤差（MSE）,D
3. 機械学習の概要,3.4 モデルの選択・評価,81,ROC曲線の説明として最も適切なものはどれか？,真陽性率と偽陽性率の関係を示すグラフ,学習曲線を表すグラフ,予測値と実測値の散布図,モデルの計算時間と精度の関係を示すグラフ,A
3. 機械学習の概要,3.4 モデルの選択・評価,82,AUC（Area Under the Curve）の説明として最も適切なものはどれか？,学習曲線の下の面積,ROC曲線の下の面積,予測値の分布の面積,特徴量の重要度を表す面積,B
3. 機械学習の概要,3.4 モデルの選択・評価,83,回帰問題の評価指標として含まれないものはどれか？,平均二乗誤差（MSE）,平均絶対誤差（MAE）,決定係数（R²）,F1スコア,D
3. 機械学習の概要,3.4 モデルの選択・評価,84,「グリッドサーチ」の目的として最も適切なものはどれか？,特徴量の重要度を評価する,ハイパーパラメータの最適な組み合わせを探索する,モデルの学習を高速化する,データの前処理を自動化する,B
3. 機械学習の概要,3.4 モデルの選択・評価,85,「アンサンブル学習」の基本的な考え方として最も適切なものはどれか？,単一の複雑なモデルを学習する,複数の単純なモデルを組み合わせて性能を向上させる,データを分割して並列に学習する,モデルのパラメータを徐々に更新する,B
4. ディープラーニングの概要,4.1 ニューラルネットワークとディープラーニング,86,ニューラルネットワークの基本構成要素として最も適切なものはどれか？,ノード、エッジ、活性化関数,クラスタ、セントロイド、距離関数,状態、行動、報酬,特徴量、ラベル、損失関数,A
4. ディープラーニングの概要,4.1 ニューラルネットワークとディープラーニング,87,ディープラーニングが従来のニューラルネットワークと比較して優れている点として最も適切なものはどれか？,少量のデータでも高い性能を発揮できる,解釈可能性が高い,複雑な特徴を階層的に学習できる,計算リソースをあまり必要としない,C
4. ディープラーニングの概要,4.1 ニューラルネットワークとディープラーニング,88,ディープラーニングの発展に大きく貢献した要因として含まれないものはどれか？,大量のデータの利用可能性,GPU等の計算能力の向上,効果的な学習アルゴリズムの開発,エキスパートシステムの普及,D
4. ディープラーニングの概要,4.1 ニューラルネットワークとディープラーニング,89,ディープラーニングの課題として最も適切でないものはどれか？,大量の学習データが必要,計算コストが高い,解釈可能性が低い,実装が非常に困難,D
4. ディープラーニングの概要,4.10 ドロップアウト,90,"ディープラーニングの概要

## 4.1 ニューラルネットワークとディープラーニング

1. ディープラーニングの定義として最も適切なものはどれか？",単層のニューラルネットワークを用いた機械学習手法,多層のニューラルネットワークを用いた機械学習手法,ルールベースの知識表現を用いた人工知能技術,決定木を多数組み合わせた機械学習手法,B
4. ディープラーニングの概要,4.10 ドロップアウト,91,ドロップアウトの主な目的として最も適切なものはどれか？,学習速度の向上,過学習の防止,勾配消失問題の解決,モデルサイズの削減,B
4. ディープラーニングの概要,4.10 ドロップアウト,92,ドロップアウトの仕組みとして最も適切なものはどれか？,訓練時にランダムにニューロンを無効化する,訓練時にランダムに重みを0にする,訓練時にランダムに層全体をスキップする,訓練時にランダムに入力データを削除する,A
4. ディープラーニングの概要,4.10 ドロップアウト,93,ドロップアウトを適用する際の推論（予測）時の処理として最も適切なものはどれか？,訓練時と同様にランダムにニューロンを無効化する,すべてのニューロンを有効にし、重みをドロップアウト率で調整する,ドロップアウトを適用した層を完全に無視する,ランダムに選んだ一部のニューロンのみを使用する,B
4. ディープラーニングの概要,4.10 ドロップアウト,94,ドロップアウトの効果として最も適切でないものはどれか？,アンサンブル学習に似た効果がある,共適応（co-adaptation）を防ぐ,モデルの汎化性能を向上させる,学習速度を大幅に向上させる,D
4. ディープラーニングの概要,4.10 ドロップアウト,95,ドロップアウトが特に効果的なケースとして最も適切なものはどれか？,訓練データが非常に少ない場合,パラメータ数が少ないシンプルなモデルの場合,パラメータ数が多い大規模なモデルの場合,時系列データを扱う場合,C
4. ディープラーニングの概要,4.2 活性化関数,96,活性化関数の役割として最も適切なものはどれか？,モデルの学習率を調整する,ニューラルネットワークに非線形性を導入する,過学習を防止する,入力データを正規化する,B
4. ディープラーニングの概要,4.2 活性化関数,97,シグモイド関数の出力範囲として正しいものはどれか？,0から1,-1から1,0から無限大,マイナス無限大からプラス無限大,A
4. ディープラーニングの概要,4.2 活性化関数,98,tanh関数の出力範囲として正しいものはどれか？,0から1,-1から1,0から無限大,マイナス無限大からプラス無限大,B
4. ディープラーニングの概要,4.2 活性化関数,99,ReLU関数の定義として正しいものはどれか？,"f(x) = max(0, x)",f(x) = 1 / (1 + e^(-x)),f(x) = (e^x - e^(-x)) / (e^x + e^(-x)),f(x) = x,A
4. ディープラーニングの概要,4.2 活性化関数,100,「勾配消失問題」への対策として有効な活性化関数はどれか？,シグモイド関数,tanh関数,ReLU関数,線形関数,C
4. ディープラーニングの概要,4.3 誤差関数,101,誤差関数（損失関数）の役割として最も適切なものはどれか？,モデルの予測と実際の値との差を定量化する,モデルのパラメータを初期化する,モデルの学習率を調整する,モデルの入力データを正規化する,A
4. ディープラーニングの概要,4.3 誤差関数,102,二値分類問題で一般的に用いられる誤差関数はどれか？,平均二乗誤差（MSE）,平均絶対誤差（MAE）,クロスエントロピー誤差,ヒンジ損失,C
4. ディープラーニングの概要,4.3 誤差関数,103,回帰問題で一般的に用いられる誤差関数はどれか？,クロスエントロピー誤差,平均二乗誤差（MSE）,カルバック・ライブラー情報量（KL）,ヒンジ損失,B
4. ディープラーニングの概要,4.3 誤差関数,104,Contrastive Lossの主な用途として最も適切なものはどれか？,画像分類,自然言語処理,類似度学習・表現学習,時系列予測,C
4. ディープラーニングの概要,4.3 誤差関数,105,カルバック・ライブラー情報量（KL）の主な用途として最も適切なものはどれか？,二つの確率分布の差異を測定する,画像のピクセル値の差を測定する,時系列データの予測誤差を測定する,モデルのパラメータ数を計算する,A
4. ディープラーニングの概要,4.4 最適化手法,106,勾配降下法の基本的な考え方として最も適切なものはどれか？,誤差関数の勾配方向に沿ってパラメータを更新する,ランダムにパラメータを変化させて最適解を探索する,解析的に誤差関数の最小値を計算する,遺伝的アルゴリズムを用いてパラメータを最適化する,A
4. ディープラーニングの概要,4.4 最適化手法,107,確率的勾配降下法（SGD）の特徴として最も適切なものはどれか？,すべての訓練データを用いて一度にパラメータを更新する,訓練データからランダムに選んだ小さなバッチを用いてパラメータを更新する,解析的に最適なパラメータを計算する,勾配を用いずにパラメータを更新する,B
4. ディープラーニングの概要,4.4 最適化手法,108,ミニバッチ勾配降下法の利点として最も適切でないものはどれか？,計算効率が良い,ノイズの影響を軽減できる,局所解から抜け出しやすい,常に大域的最適解を保証する,D
4. ディープラーニングの概要,4.4 最適化手法,109,Adamオプティマイザの特徴として最も適切なものはどれか？,一次と二次のモーメントを用いて適応的に学習率を調整する,単純な勾配降下法の一種である,二次の微分情報を用いて最適化を行う,遺伝的アルゴリズムを用いて最適化を行う,A
4. ディープラーニングの概要,4.4 最適化手法,110,学習率スケジューリングの目的として最も適切なものはどれか？,モデルの複雑さを段階的に増加させる,学習の進行に応じて学習率を調整する,バッチサイズを動的に変更する,活性化関数を切り替える,B
4. ディープラーニングの概要,4.5 学習率最適化,111,学習率が大きすぎる場合に生じる問題として最も適切なものはどれか？,学習が非常に遅くなる,局所解に捕捉されやすくなる,収束しない、または発散する可能性がある,過学習が起こりやすくなる,C
4. ディープラーニングの概要,4.5 学習率最適化,112,学習率が小さすぎる場合に生じる問題として最も適切なものはどれか？,学習が非常に遅くなる,発散する可能性がある,メモリ使用量が増加する,過学習が起こりやすくなる,A
4. ディープラーニングの概要,4.5 学習率最適化,113,AdaGradの特徴として最も適切なものはどれか？,パラメータごとに異なる学習率を適用する,モーメンタムを用いて最適化を行う,二次の微分情報を用いて最適化を行う,遺伝的アルゴリズムを用いて最適化を行う,A
4. ディープラーニングの概要,4.5 学習率最適化,114,RMSpropの特徴として最も適切なものはどれか？,過去のすべての勾配を等しく考慮する,最近の勾配を指数移動平均で重み付けする,二次の微分情報を用いて最適化を行う,勾配を用いずにパラメータを更新する,B
4. ディープラーニングの概要,4.5 学習率最適化,115,サイクリック学習率の特徴として最も適切なものはどれか？,学習率を一定に保つ,学習率を単調に減少させる,学習率を周期的に変動させる,学習率をランダムに変化させる,C
4. ディープラーニングの概要,4.6 正則化,116,正則化の主な目的として最も適切なものはどれか？,モデルの学習速度を向上させる,モデルの過学習を防ぐ,モデルのパラメータ数を増やす,モデルの解釈可能性を向上させる,B
4. ディープラーニングの概要,4.6 正則化,117,L1正則化の特徴として最も適切なものはどれか？,パラメータの二乗和にペナルティを課す,パラメータの絶対値和にペナルティを課す,パラメータをランダムに削除する,入力特徴量をランダムに削除する,B
4. ディープラーニングの概要,4.6 正則化,118,L2正則化の特徴として最も適切なものはどれか？,パラメータの二乗和にペナルティを課す,パラメータの絶対値和にペナルティを課す,パラメータをランダムに削除する,入力特徴量をランダムに削除する,A
4. ディープラーニングの概要,4.6 正則化,119,ドロップアウトの仕組みとして最も適切なものはどれか？,学習時にランダムにニューロンを無効化する,学習時にランダムにパラメータを0にする,学習時にランダムに入力特徴量を削除する,学習時にランダムに層全体を削除する,A
4. ディープラーニングの概要,4.6 正則化,120,バッチ正規化の主な効果として含まれないものはどれか？,学習の安定化,学習の高速化,過学習の軽減,モデルのパラメータ数の削減,D
4. ディープラーニングの概要,4.7 畳み込み層,121,畳み込みニューラルネットワーク（CNN）が主に用いられる分野はどれか？,時系列データ分析,画像処理,自然言語処理,強化学習,B
4. ディープラーニングの概要,4.7 畳み込み層,122,畳み込み層の主な役割として最も適切なものはどれか？,特徴マップのサイズを縮小する,局所的な特徴を抽出する,過学習を防止する,全結合層の計算量を削減する,B
4. ディープラーニングの概要,4.7 畳み込み層,123,畳み込み演算の特徴として最も適切でないものはどれか？,パラメータ共有により効率的,局所的な特徴を捉えられる,位置不変性を持つ,全ての入力ニューロンと出力ニューロンが結合する,D
4. ディープラーニングの概要,4.7 畳み込み層,124,畳み込みフィルタ（カーネル）の役割として最も適切なものはどれか？,入力画像のサイズを変更する,特定のパターンを検出する,過学習を防止する,計算量を削減する,B
4. ディープラーニングの概要,4.7 畳み込み層,125,畳み込み層のストライドの意味として最も適切なものはどれか？,フィルタのサイズ,フィルタの移動幅,出力特徴マップのチャネル数,パディングのサイズ,B
4. ディープラーニングの概要,4.8 プーリング層,126,プーリング層の主な役割として最も適切なものはどれか？,特徴マップのサイズを縮小し、計算量を削減する,新しい特徴を抽出する,モデルに非線形性を導入する,過学習を防止する,A
4. ディープラーニングの概要,4.8 プーリング層,127,最大プーリング（Max Pooling）の動作として最も適切なものはどれか？,領域内の平均値を出力する,領域内の最大値を出力する,領域内の最小値を出力する,領域内の中央値を出力する,B
4. ディープラーニングの概要,4.8 プーリング層,128,平均プーリング（Average Pooling）の動作として最も適切なものはどれか？,領域内の平均値を出力する,領域内の最大値を出力する,領域内の最小値を出力する,領域内の中央値を出力する,A
4. ディープラーニングの概要,4.8 プーリング層,129,プーリング層の利点として最も適切でないものはどれか？,位置の微小な変化に対する頑健性を向上させる,パラメータ数を削減する,計算量を削減する,新しい特徴を学習する,D
4. ディープラーニングの概要,4.8 プーリング層,130,グローバルプーリングの特徴として最も適切なものはどれか？,特徴マップ全体を単一の値に集約する,複数の小さな領域に対してプーリングを行う,複数のプーリング操作を組み合わせる,プーリングのサイズを動的に変更する,A
4. ディープラーニングの概要,4.9 全結合層,131,全結合層の特徴として最も適切なものはどれか？,各ニューロンが前の層のすべてのニューロンと結合している,局所的な特徴を抽出する,パラメータ共有により効率的,位置不変性を持つ,A
4. ディープラーニングの概要,4.9 全結合層,132,全結合層の主な役割として最も適切なものはどれか？,特徴抽出,特徴マップのサイズ削減,抽出された特徴を用いた最終的な分類や回帰,過学習の防止,C
4. ディープラーニングの概要,4.9 全結合層,133,全結合層の課題として最も適切なものはどれか？,計算コストが高く、パラメータ数が多い,局所的な特徴を捉えられない,非線形関数を適用できない,バッチ処理に適していない,A
4. ディープラーニングの概要,4.9 全結合層,134,CNNにおける全結合層の一般的な配置として最も適切なものはどれか？,ネットワークの最初の層,畳み込み層の直前,ネットワークの最後の層,プーリング層の直前,C
4. ディープラーニングの概要,4.9 全結合層,135,全結合層を畳み込み層で置き換える手法として知られるものはどれか？,Global Average Pooling,Transfer Learning,Fine-tuning,Data Augmentation,A
5. ディープラーニングの実装技術,5.1 最適化アルゴリズム,136,確率的勾配降下法（SGD）の特徴として最も適切なものはどれか？,全データを使って一度に勾配を計算する,ランダムに選んだ少数のデータで勾配を計算する,勾配を使わずにパラメータを更新する,二次の微分情報を用いて最適化を行う,B
5. ディープラーニングの実装技術,5.1 最適化アルゴリズム,137,モーメンタム法の主な利点として最も適切なものはどれか？,学習率を自動的に調整できる,過去の勾配情報を利用して局所解を回避しやすくする,パラメータごとに異なる学習率を適用できる,二次の微分情報を利用できる,B
5. ディープラーニングの実装技術,5.1 最適化アルゴリズム,138,Adamオプティマイザの特徴として最も適切なものはどれか？,モーメンタムと適応的学習率を組み合わせたアルゴリズム,単純な勾配降下法の一種,二次の微分情報を用いる最適化アルゴリズム,バッチサイズを自動的に調整するアルゴリズム,A
5. ディープラーニングの実装技術,5.1 最適化アルゴリズム,139,グローバルな最適解を保証する最適化アルゴリズムはどれか？,確率的勾配降下法（SGD）,Adam,RMSprop,どれも保証しない,D
5. ディープラーニングの実装技術,5.2 勾配消失問題,140,勾配消失問題が発生する主な原因として最も適切なものはどれか？,学習率が大きすぎる,バッチサイズが小さすぎる,深いネットワークでシグモイドなどの活性化関数を使用する,データ量が少なすぎる,C
5. ディープラーニングの実装技術,5.2 勾配消失問題,141,勾配消失問題への対策として最も適切でないものはどれか？,ReLUなどの勾配消失しにくい活性化関数の使用,バッチ正規化の導入,残差接続（スキップ接続）の導入,学習率を大きくする,D
5. ディープラーニングの実装技術,5.2 勾配消失問題,142,勾配爆発問題への対策として最も適切なものはどれか？,勾配クリッピング,ドロップアウトの増加,バッチサイズの増加,活性化関数の削除,A
5. ディープラーニングの実装技術,5.2 勾配消失問題,143,Leaky ReLU関数が勾配消失問題に対して有効な理由として最も適切なものはどれか？,負の入力に対しても小さな勾配を持つ,常に大きな勾配を持つ,入力を正規化する,二次の微分情報を利用する,A
5. ディープラーニングの実装技術,5.2 勾配消失問題,144,勾配消失問題が特に顕著に現れるネットワークアーキテクチャはどれか？,浅いニューラルネットワーク,深いリカレントニューラルネットワーク,単層パーセプトロン,決定木ベースのモデル,B
5. ディープラーニングの実装技術,5.3 データ拡張,145,データ拡張の主な目的として最も適切なものはどれか？,学習速度を向上させる,モデルの汎化性能を向上させる,モデルのパラメータ数を削減する,推論速度を向上させる,B
5. ディープラーニングの実装技術,5.3 データ拡張,146,画像データに対するデータ拡張手法として含まれないものはどれか？,回転,反転,クロップ,トピックモデリング,D
5. ディープラーニングの実装技術,5.3 データ拡張,147,データ拡張が効果的な状況として最も適切なものはどれか？,訓練データが非常に多い場合,訓練データが少ない場合,モデルが非常にシンプルな場合,推論速度が重要な場合,B
5. ディープラーニングの実装技術,5.3 データ拡張,148,自然言語処理におけるデータ拡張手法として最も適切なものはどれか？,回転と反転,同義語置換や逆翻訳,カラージッタリング,ズームインとズームアウト,B
5. ディープラーニングの実装技術,5.3 データ拡張,149,データ拡張の潜在的な問題点として最も適切なものはどれか？,常に計算コストが非常に高い,不適切な拡張によりデータの意味が変わる可能性がある,モデルのパラメータ数が増加する,推論時にも適用する必要がある,B
5. ディープラーニングの実装技術,5.4 転移学習,150,転移学習の定義として最も適切なものはどれか？,あるタスクで学習したモデルの知識を別のタスクに転用する手法,複数のモデルを組み合わせる手法,モデルのパラメータをゼロから学習する手法,データを複数のバッチに分割して学習する手法,A
5. ディープラーニングの実装技術,5.4 転移学習,151,転移学習が特に有効な状況として最も適切なものはどれか？,目標タスクのデータが非常に多い場合,目標タスクのデータが少なく、事前学習タスクと関連性がある場合,計算リソースが無制限にある場合,事前学習モデルが小規模な場合,B
5. ディープラーニングの実装技術,5.4 転移学習,152,転移学習の一般的なアプローチとして最も適切でないものはどれか？,特徴抽出器として事前学習モデルを使用,事前学習モデルを初期値としてファインチューニング,事前学習モデルと目標タスク用モデルを並列に学習,事前学習モデルの一部の層を凍結してファインチューニング,C
5. ディープラーニングの実装技術,5.4 転移学習,153,転移学習の利点として最も適切でないものはどれか？,学習時間の短縮,少ないデータでも良好な性能を得られる可能性,常に事前学習なしの場合より良い結果が得られる,計算リソースの節約,C
5. ディープラーニングの実装技術,5.4 転移学習,154,「負の転移」とは何か？,転移学習によりモデルの性能が低下する現象,学習率が負の値になる現象,勾配が負の方向に更新される現象,モデルのパラメータが減少する現象,A
5. ディープラーニングの実装技術,5.5 ファインチューニング,155,ファインチューニングの定義として最も適切なものはどれか？,事前学習済みモデルを新しいタスク用に微調整する手法,モデルのハイパーパラメータを最適化する手法,データの前処理パラメータを調整する手法,モデルの推論速度を向上させる手法,A
5. ディープラーニングの実装技術,5.5 ファインチューニング,156,ファインチューニングと特徴抽出の違いとして最も適切なものはどれか？,ファインチューニングではモデルのパラメータを更新するが、特徴抽出では更新しない,ファインチューニングは画像処理専用、特徴抽出は自然言語処理専用,ファインチューニングは小規模データセット用、特徴抽出は大規模データセット用,ファインチューニングは深層学習のみに適用可能、特徴抽出は機械学習全般に適用可能,A
5. ディープラーニングの実装技術,5.5 ファインチューニング,157,ファインチューニングの一般的な手順として最も適切なものはどれか？,事前学習モデルの全層を凍結し、新しい分類層のみを学習,事前学習モデルの初期層を凍結し、後半層と新しい分類層を学習,事前学習モデルの全層をランダムに初期化し、一から学習,事前学習モデルの後半層を凍結し、初期層のみを学習,B
5. ディープラーニングの実装技術,5.5 ファインチューニング,158,ファインチューニング時に一般的に用いられる学習率として最も適切なものはどれか？,事前学習時より大きな学習率,事前学習時より小さな学習率,事前学習時と全く同じ学習率,学習率は関係ない,B
5. ディープラーニングの実装技術,5.5 ファインチューニング,159,Few-shotファインチューニングの特徴として最も適切なものはどれか？,非常に少ないサンプルでモデルを適応させる手法,非常に多くのサンプルでモデルを適応させる手法,非常に少ない計算リソースでモデルを適応させる手法,非常に少ないパラメータでモデルを構築する手法,A
5. ディープラーニングの実装技術,5.6 マルチモーダル,160,マルチモーダル学習の定義として最も適切なものはどれか？,複数のモデルを組み合わせて学習する手法,複数の異なる種類のデータ（モダリティ）を統合して学習する手法,複数の損失関数を組み合わせて学習する手法,複数のタスクを同時に学習する手法,B
5. ディープラーニングの実装技術,5.6 マルチモーダル,161,マルチモーダルモデルの例として最も適切でないものはどれか？,画像とテキストを入力とする画像キャプション生成モデル,音声と映像を入力とする感情認識モデル,画像のみを入力とする物体検出モデル,テキストと表形式データを入力とする推薦システム,C
5. ディープラーニングの実装技術,5.6 マルチモーダル,162,マルチモーダル学習の課題として最も適切でないものはどれか？,異なるモダリティ間の特徴表現の違いの扱い,モダリティ間の関係性のモデル化,欠損モダリティへの対応,単一モダリティよりも常に高い精度が得られる,D
5. ディープラーニングの実装技術,5.6 マルチモーダル,163,マルチモーダル学習のアプローチとして最も適切でないものはどれか？,早期融合（Early Fusion）：入力レベルでの特徴の結合,後期融合（Late Fusion）：各モダリティの予測結果の結合,中間融合（Intermediate Fusion）：中間層での特徴の結合,逐次融合（Sequential Fusion）：一つのモダリティを別のモダリティに変換,D
5. ディープラーニングの実装技術,5.6 マルチモーダル,164,CLIP（Contrastive Language-Image Pre-training）モデルの特徴として最も適切なものはどれか？,画像とテキストのペアを対照学習で学習した大規模マルチモーダルモデル,音声と映像を統合した感情認識モデル,テキストのみを扱う大規模言語モデル,画像のみを扱う物体検出モデル,A
5. ディープラーニングの実装技術,5.7 モデル解釈性,165,モデル解釈性（説明可能性）が重要視される主な理由として最も適切なものはどれか？,常にモデルの精度を向上させるため,計算コストを削減するため,モデルの信頼性確保や意思決定の透明性確保のため,データ収集コストを削減するため,C
5. ディープラーニングの実装技術,5.7 モデル解釈性,166,「ブラックボックス」モデルとして一般的に考えられるものはどれか？,線形回帰,決定木,ディープニューラルネットワーク,ロジスティック回帰,C
5. ディープラーニングの実装技術,5.7 モデル解釈性,167,モデル解釈手法として含まれないものはどれか？,SHAP（SHapley Additive exPlanations）,LIME（Local Interpretable Model-agnostic Explanations）,Grad-CAM,Adam最適化アルゴリズム,D
5. ディープラーニングの実装技術,5.7 モデル解釈性,168,「大域的解釈性」と「局所的解釈性」の違いとして最も適切なものはどれか？,大域的解釈性はモデル全体の挙動を説明し、局所的解釈性は特定の予測を説明する,大域的解釈性は画像データ用で、局所的解釈性はテキストデータ用,大域的解釈性は教師あり学習用で、局所的解釈性は教師なし学習用,大域的解釈性は高精度モデル用で、局所的解釈性は低精度モデル用,A
5. ディープラーニングの実装技術,5.7 モデル解釈性,169,Grad-CAMの主な用途として最も適切なものはどれか？,テキスト分類モデルの解釈,画像分類モデルが注目している領域の可視化,時系列モデルの解釈,表形式データモデルの特徴重要度の計算,B
5. ディープラーニングの実装技術,5.8 モデル圧縮化,170,"ディープラーニングの実装技術

## 5.1 最適化アルゴリズム

1. 最適化アルゴリズムの役割として最も適切なものはどれか？",データの前処理を行う,モデルのパラメータを最適化する,モデルのアーキテクチャを設計する,特徴量を選択する,B
5. ディープラーニングの実装技術,5.8 モデル圧縮化,171,モデル圧縮の主な目的として最も適切なものはどれか？,モデルの精度を向上させる,モデルのサイズと計算コストを削減する,モデルの解釈性を向上させる,モデルの学習速度を向上させる,B
5. ディープラーニングの実装技術,5.8 モデル圧縮化,172,モデル量子化の説明として最も適切なものはどれか？,モデルのパラメータを削減する手法,モデルのパラメータの精度（ビット数）を下げる手法,モデルの層数を削減する手法,モデルを複数の小さなモデルに分割する手法,B
5. ディープラーニングの実装技術,5.8 モデル圧縮化,173,モデル枝刈り（プルーニング）の説明として最も適切なものはどれか？,重要度の低いパラメータやニューロンを削除する手法,モデルのパラメータの精度を下げる手法,モデルを複数の小さなモデルに分割する手法,モデルの入力サイズを削減する手法,A
5. ディープラーニングの実装技術,5.8 モデル圧縮化,174,知識蒸留（Knowledge Distillation）の説明として最も適切なものはどれか？,大きなモデル（教師）の知識を小さなモデル（生徒）に転移する手法,モデルのパラメータの精度を下げる手法,重要度の低いパラメータを削除する手法,モデルを複数の小さなモデルに分割する手法,A
5. ディープラーニングの実装技術,5.8 モデル圧縮化,175,モデル圧縮の潜在的な問題点として最も適切なものはどれか？,常に学習速度が低下する,常に推論速度が低下する,圧縮によりモデルの精度が低下する可能性がある,圧縮したモデルは転移学習に使用できない,C
6. ディープラーニングの応用例,6.1 画像認識,176,物体検出（Object Detection）と画像分類（Image Classification）の違いとして最も適切なものはどれか？,物体検出は画像内の物体の位置も特定するが、画像分類は画像全体のカテゴリのみを判定する,物体検出は白黒画像のみ対応、画像分類はカラー画像のみ対応,物体検出は教師なし学習、画像分類は教師あり学習,物体検出は小さな物体のみ検出、画像分類は大きな物体のみ分類,A
6. ディープラーニングの応用例,6.1 画像認識,177,R-CNNシリーズの発展として正しい順序はどれか？,R-CNN → Fast R-CNN → Faster R-CNN → Mask R-CNN,Fast R-CNN → R-CNN → Faster R-CNN → Mask R-CNN,Faster R-CNN → Fast R-CNN → R-CNN → Mask R-CNN,Mask R-CNN → Faster R-CNN → Fast R-CNN → R-CNN,A
6. ディープラーニングの応用例,6.1 画像認識,178,YOLOの特徴として最も適切なものはどれか？,高精度だが処理速度が遅い,処理速度が速いがやや精度が劣る,学習に非常に大量のデータが必要,小さな物体の検出ができない,B
6. ディープラーニングの応用例,6.1 画像認識,179,セマンティックセグメンテーションの説明として最も適切なものはどれか？,画像内の各ピクセルをクラスごとに分類する,画像内の物体を検出し、バウンディングボックスで囲む,画像内の物体のインスタンスを個別に識別する,画像内の特定の物体を追跡する,A
6. ディープラーニングの応用例,6.2 自然言語処理,180,自然言語処理（NLP）の定義として最も適切なものはどれか？,人間の言語をコンピュータに理解・生成させる技術,音声をテキストに変換する技術,テキストを画像に変換する技術,言語間の翻訳を行う技術のみ,A
6. ディープラーニングの応用例,6.2 自然言語処理,181,単語埋め込み（Word Embedding）の目的として最も適切なものはどれか？,単語を固定長の密ベクトルで表現し、意味的関係を捉える,単語の出現頻度をカウントする,単語の文法的役割を特定する,単語の発音を数値化する,A
6. ディープラーニングの応用例,6.2 自然言語処理,182,Transformerアーキテクチャの核となる機構はどれか？,畳み込み層,再帰層,自己注意機構（Self-Attention）,プーリング層,C
6. ディープラーニングの応用例,6.2 自然言語処理,183,BERTモデルの事前学習タスクとして含まれないものはどれか？,マスク言語モデル（Masked Language Model）,次文予測（Next Sentence Prediction）,機械翻訳（Machine Translation）,双方向コンテキスト理解,C
6. ディープラーニングの応用例,6.2 自然言語処理,184,大規模言語モデル（LLM）の特徴として最も適切でないものはどれか？,大量のテキストデータで事前学習されている,少量のデータで効率的に学習できる,様々なタスクに転用可能,Transformerアーキテクチャを基盤としていることが多い,B
6. ディープラーニングの応用例,6.3 音声処理,185,音声認識システムの一般的な処理フローとして最も適切なものはどれか？,音声信号 → 特徴抽出 → 音響モデル → 言語モデル → テキスト,音声信号 → 言語モデル → 音響モデル → 特徴抽出 → テキスト,テキスト → 言語モデル → 音響モデル → 特徴抽出 → 音声信号,テキスト → 特徴抽出 → 音響モデル → 言語モデル → 音声信号,A
6. ディープラーニングの応用例,6.3 音声処理,186,音声処理でよく使用される特徴量として最も適切なものはどれか？,RGB値,MFCC（メル周波数ケプストラム係数）,バウンディングボックス座標,単語の出現頻度,B
6. ディープラーニングの応用例,6.3 音声処理,187,End-to-Endの音声認識モデルの特徴として最も適切なものはどれか？,音響モデルと言語モデルを別々に学習する,音声信号から直接テキストを出力するよう学習する,テキストから直接音声を生成する,特徴抽出を手動で行う必要がある,B
6. ディープラーニングの応用例,6.3 音声処理,188,話者識別（Speaker Identification）の目的として最も適切なものはどれか？,音声から話者の身元を特定する,音声からテキスト内容を認識する,音声から感情を認識する,音声から言語を特定する,A
6. ディープラーニングの応用例,6.3 音声処理,189,CTCアルゴリズムの主な用途として最も適切なものはどれか？,画像認識,音声認識における音声とテキストのアライメント,自然言語処理における文法解析,強化学習における報酬計算,B
6. ディープラーニングの応用例,6.4 強化学習,190,強化学習の応用例として最も適切でないものはどれか？,ゲームAIの開発,ロボット制御,画像分類,自動運転,C
6. ディープラーニングの応用例,6.4 強化学習,191,AlphaGoの学習手法として用いられたものはどれか？,教師あり学習のみ,教師なし学習のみ,深層強化学習と自己対戦,転移学習のみ,C
6. ディープラーニングの応用例,6.4 強化学習,192,強化学習における「報酬の遅延」問題の説明として最も適切なものはどれか？,報酬関数の計算に時間がかかる問題,行動の結果が即座に得られない問題,現在の行動の結果が将来の報酬に影響する問題,報酬の大きさが小さすぎる問題,C
6. ディープラーニングの応用例,6.4 強化学習,193,「RLHF（Reinforcement Learning from Human Feedback）」の説明として最も適切なものはどれか？,人間からのフィードバックを報酬として強化学習を行う手法,人間の行動を模倣して学習する手法,人間と機械が協力して強化学習を行う手法,人間の脳の構造を模倣した強化学習手法,A
6. ディープラーニングの応用例,6.4 強化学習,194,強化学習の実世界応用における課題として最も適切でないものはどれか？,シミュレーション環境と実環境のギャップ,探索と活用のトレードオフ,サンプル効率の低さ,常に教師データが必要,D
6. ディープラーニングの応用例,6.5 生成モデル,195,生成モデルの目的として最も適切なものはどれか？,データの分類を行う,データの分布を学習し、新しいサンプルを生成する,データの異常を検出する,データの次元を削減する,B
6. ディープラーニングの応用例,6.5 生成モデル,196,GANの基本構造として最も適切なものはどれか？,生成器と識別器が敵対的に学習する,エンコーダとデコーダで構成される,複数の決定木の集合,再帰的な構造を持つネットワーク,A
6. ディープラーニングの応用例,6.5 生成モデル,197,Diffusion Modelの基本的な考え方として最も適切なものはどれか？,データに徐々にノイズを加え、そのノイズ除去過程を学習する,生成器と識別器を敵対的に学習させる,潜在空間で確率分布を学習する,自己回帰的に次のトークンを予測する,A
6. ディープラーニングの応用例,6.5 生成モデル,198,VAE（Variational Autoencoder）の特徴として最も適切なものはどれか？,敵対的な二つのネットワークで構成される,確率的な潜在変数を用いた生成モデル,自己回帰的に次のピクセルを予測する,ノイズ除去過程を学習する,B
6. ディープラーニングの応用例,6.5 生成モデル,199,NeRF（Neural Radiance Fields）の主な用途として最も適切なものはどれか？,テキスト生成,音声合成,3D表現と新視点画像の生成,時系列データの予測,C
6. ディープラーニングの応用例,6.6 異常検知,200,"ディープラーニングの応用例

## 6.1 画像認識

1. 画像認識におけるCNNの役割として最も適切なものはどれか？",画像から特徴を自動的に抽出し、分類や検出を行う,画像を生成する,画像の時系列変化を予測する,画像からテキストを生成する,A
6. ディープラーニングの応用例,6.6 異常検知,201,異常検知の定義として最も適切なものはどれか？,正常なパターンから逸脱したデータを検出する技術,データを正常と異常のクラスに分類する教師あり学習,異常データのみを用いて学習する技術,データの欠損値を検出する技術,A
6. ディープラーニングの応用例,6.6 異常検知,202,異常検知の応用例として最も適切でないものはどれか？,製造ラインでの不良品検出,ネットワーク侵入検知,医療画像からの病変検出,文書の要約生成,D
6. ディープラーニングの応用例,6.6 異常検知,203,教師なし異常検知手法として含まれないものはどれか？,オートエンコーダを用いた再構成誤差ベースの手法,One-Class SVM,Isolation Forest,サポートベクターマシンによる二値分類,D
6. ディープラーニングの応用例,6.6 異常検知,204,異常検知における「新規性検出（Novelty Detection）」と「外れ値検出（Outlier Detection）」の違いとして最も適切なものはどれか？,新規性検出は正常データのみで学習し、外れ値検出は異常データのみで学習する,新規性検出は訓練時に見たことのないパターンを検出し、外れ値検出は訓練データ内の異常を検出する,新規性検出は画像データ専用で、外れ値検出は数値データ専用,新規性検出は教師あり学習で、外れ値検出は教師なし学習,B
6. ディープラーニングの応用例,6.6 異常検知,205,異常検知の評価指標として最も適切でないものはどれか？,適合率（Precision）,再現率（Recall）,AUC（Area Under the Curve）,平均二乗誤差（MSE）,D
7. AIの社会実装に向けて,7.1 AIプロジェクトの進め方,206,AIプロジェクトの要件定義段階で最も重要な観点はどれか？,最新のAI技術を採用すること,ビジネス課題とAI技術のマッチングを検討すること,できるだけ多くのデータを収集すること,開発期間を短くすること,B
7. AIの社会実装に向けて,7.1 AIプロジェクトの進め方,207,AIプロジェクトの失敗要因として最も適切でないものはどれか？,解決すべき課題が明確でない,必要なデータが不足している,過度に高い精度を期待している,オープンソースのフレームワークを使用している,D
7. AIの社会実装に向けて,7.1 AIプロジェクトの進め方,208,AIプロジェクトにおけるPoC（概念実証）の目的として最も適切なものはどれか？,本番環境での運用を開始する,AIソリューションの実現可能性と有効性を検証する,大規模なデータセットを構築する,システムの完全な機能を実装する,B
7. AIの社会実装に向けて,7.1 AIプロジェクトの進め方,209,AIプロジェクトにおける「MLOps」の説明として最も適切なものはどれか？,機械学習モデルの開発から運用までのライフサイクル全体を効率化する実践,機械学習アルゴリズムの最適化手法,機械学習モデルの説明可能性を向上させる技術,機械学習用のハードウェア最適化技術,A
7. AIの社会実装に向けて,7.1 AIプロジェクトの進め方,210,AIプロジェクトにおける「データドリフト」の説明として最も適切なものはどれか？,データの欠損値が増加する現象,時間経過によりデータの分布が変化する現象,データの次元が増加する現象,データの保存形式が変更される現象,B
7. AIの社会実装に向けて,7.1 AIプロジェクトの進め方,211,AIシステムの品質保証において重要な観点として最も適切でないものはどれか？,モデルの精度評価,バイアスと公平性の検証,堅牢性と安全性の確認,最新のアルゴリズムの採用,D
7. AIの社会実装に向けて,7.1 AIプロジェクトの進め方,212,AIプロジェクトにおける「説明可能性（Explainability）」が重要視される理由として最も適切なものはどれか？,モデルの学習速度を向上させるため,モデルの予測根拠を理解し、信頼性と透明性を確保するため,データ収集コストを削減するため,プログラムのバグを減らすため,B
7. AIの社会実装に向けて,7.2 データの収集・加工・分析・学習,213,機械学習のためのデータ収集において最も重要な観点はどれか？,できるだけ多くのデータを収集すること,目的に適した質の高いデータを収集すること,最新のデータのみを収集すること,公開データのみを使用すること,B
7. AIの社会実装に向けて,7.2 データの収集・加工・分析・学習,214,データクレンジングの目的として最も適切なものはどれか？,データ量を増やす,データの次元を削減する,データの品質を向上させる,データの可視化を行う,C
7. AIの社会実装に向けて,7.2 データの収集・加工・分析・学習,215,データの前処理として含まれないものはどれか？,欠損値の処理,特徴量のスケーリング,カテゴリ変数のエンコーディング,モデルのハイパーパラメータ調整,D
7. AIの社会実装に向けて,7.2 データの収集・加工・分析・学習,216,データの不均衡（クラス不均衡）問題への対処法として含まれないものはどれか？,オーバーサンプリング,アンダーサンプリング,重み付け学習,次元削減,D
7. AIの社会実装に向けて,7.2 データの収集・加工・分析・学習,217,特徴量エンジニアリングの目的として最も適切なものはどれか？,データ量を増やす,モデルの性能向上に役立つ特徴を作成・選択する,モデルの学習速度を向上させる,データの可視化を行う,B
7. AIの社会実装に向けて,7.2 データの収集・加工・分析・学習,218,データ拡張（Data Augmentation）が特に有効な分野はどれか？,表形式データ分析,画像認識,異常検知,時系列予測,B
7. AIの社会実装に向けて,7.2 データの収集・加工・分析・学習,219,AIプロジェクトにおけるデータ品質の評価指標として最も適切でないものはどれか？,完全性（欠損値の少なさ）,正確性（誤りの少なさ）,一貫性（矛盾の少なさ）,複雑性（複雑さの高さ）,D
8. AIに必要な数理・統計知識,8.1 確率・統計,220,正規分布の特徴として最も適切でないものはどれか？,平均値と分散で特徴づけられる,左右対称の釣鐘型の形状,多くの自然現象や測定誤差がこの分布に従う,常に正の値のみをとる,D
8. AIに必要な数理・統計知識,8.1 確率・統計,221,ベイズの定理の主な用途として最も適切なものはどれか？,データの分散を計算する,事前確率と尤度から事後確率を求める,データの相関係数を計算する,データの中央値を求める,B
8. AIに必要な数理・統計知識,8.1 確率・統計,222,「p値」の説明として最も適切なものはどれか？,帰無仮説が正しいと仮定した場合に、観測されたデータ以上に極端な結果が得られる確率,対立仮説が正しい確率,実験の検出力を表す指標,効果量の大きさを表す指標,A
8. AIに必要な数理・統計知識,8.1 確率・統計,223,機械学習における「過学習」と統計学における「多重比較問題」の共通点として最も適切なものはどれか？,どちらもデータ量が少ない場合に発生しやすい,どちらも偽陽性（誤検出）のリスクが高まる問題,どちらも計算コストが高い問題,どちらもデータの前処理で解決できる問題,B
8. AIに必要な数理・統計知識,8.2 線形代数,224,機械学習における線形代数の重要性として最も適切なものはどれか？,データやモデルを効率的に表現・操作するための数学的基盤となる,確率計算を行うために必要,微分方程式を解くために必要,グラフ理論を適用するために必要,A
8. AIに必要な数理・統計知識,8.2 線形代数,225,ベクトルの内積の幾何学的解釈として最も適切なものはどれか？,二つのベクトルの長さの和,二つのベクトルの長さの積と、それらのなす角のコサインの積,二つのベクトルの長さの差,二つのベクトルの長さの積と、それらのなす角のサインの積,B
8. AIに必要な数理・統計知識,8.2 線形代数,226,特異値分解（SVD）の主な用途として含まれないものはどれか？,次元削減,ノイズ除去,勾配計算,推薦システム,C
8. AIに必要な数理・統計知識,8.2 線形代数,227,主成分分析（PCA）の目的として最も適切なものはどれか？,データの分類を行う,データの次元を削減しながら情報量を最大限保持する,データ間の因果関係を特定する,データの欠損値を補完する,B
8. AIに必要な数理・統計知識,8.2 線形代数,228,行列の固有値と固有ベクトルの説明として最も適切なものはどれか？,行列の対角成分の値とその位置ベクトル,行列の逆行列を計算するための値とベクトル,行列による変換で方向が変わらず、大きさだけが変わるベクトルとその拡大率,行列の各行の和と各行ベクトル,C
8. AIに必要な数理・統計知識,8.3 微分・最適化,229,"AIの社会実装に向けて

## 7.1 AIプロジェクトの進め方

1. AIプロジェクトの一般的な進め方として最も適切な順序はどれか？",要件定義→データ収集→モデル構築→評価→実装→運用保守,モデル構築→要件定義→データ収集→評価→実装→運用保守,データ収集→要件定義→モデル構築→評価→実装→運用保守,要件定義→モデル構築→データ収集→評価→実装→運用保守,A
8. AIに必要な数理・統計知識,8.3 微分・最適化,230,"AIに必要な数理・統計知識

## 8.1 確率・統計

16. 確率分布の説明として最も適切なものはどれか？",データの中央値を示す指標,データのばらつきを示す指標,確率変数がとりうる値と確率の対応関係,データ間の相関関係を示す指標,C
8. AIに必要な数理・統計知識,8.3 微分・最適化,231,機械学習における勾配降下法の基本的な考え方として最も適切なものはどれか？,目的関数の勾配方向に沿ってパラメータを更新し、最小値を探索する,目的関数の値をランダムに変化させて最小値を探索する,目的関数の二次導関数を用いて最小値を直接計算する,目的関数の値が最大になるようにパラメータを更新する,A
8. AIに必要な数理・統計知識,8.3 微分・最適化,232,偏微分の説明として最も適切なものはどれか？,一変数関数の導関数,多変数関数において、一部の変数のみを変化させたときの変化率,関数の二階導関数,関数の積分,B
8. AIに必要な数理・統計知識,8.3 微分・最適化,233,凸最適化問題の特徴として最も適切なものはどれか？,常に解析的に解を求められる,局所的最適解が大域的最適解でもある,常に一意の解が存在する,非線形計画法でしか解けない,B
8. AIに必要な数理・統計知識,8.3 微分・最適化,234,ラグランジュ乗数法の主な用途として最も適切なものはどれか？,微分方程式を解く,制約付き最適化問題を解く,確率分布のパラメータを推定する,行列の固有値を計算する,B
8. AIに必要な数理・統計知識,8.3 微分・最適化,235,ニュートン法とは何か？,一次導関数のみを用いる最適化アルゴリズム,二次導関数も利用する高速な最適化アルゴリズム,導関数を用いない最適化アルゴリズム,確率的な最適化アルゴリズム,B
9. AIの法律・倫理,9.1 AIと倫理,236,AIシステムの「説明可能性」が重要視される理由として最も適切なものはどれか？,システムの処理速度を向上させるため,意思決定プロセスの透明性を確保し、信頼性を高めるため,データ収集コストを削減するため,プログラムのバグを減らすため,B
9. AIの法律・倫理,9.1 AIと倫理,237,AIにおける「バイアス」の問題の説明として最も適切なものはどれか？,AIシステムの処理速度が遅くなる問題,AIシステムが特定のグループに対して不公平な結果を出す問題,AIシステムのメモリ使用量が多くなる問題,AIシステムの開発コストが高くなる問題,B
9. AIの法律・倫理,9.1 AIと倫理,238,AIの公平性を評価する際の観点として最も適切でないものはどれか？,集団公平性（異なるグループ間で同様の結果が得られるか）,個人公平性（類似した個人に類似した結果が得られるか）,処理公平性（意思決定プロセスが公平か）,計算公平性（計算リソースの使用が公平か）,D
9. AIの法律・倫理,9.1 AIと倫理,239,AIシステムの「透明性」を高めるアプローチとして最も適切でないものはどれか？,説明可能なAIモデルの採用,意思決定プロセスの文書化,モデルの内部構造の公開,より複雑なブラックボックスモデルの使用,D
9. AIの法律・倫理,9.1 AIと倫理,240,AIの倫理的設計原則として国際的に広く認められているものはどれか？,常に最高の精度を追求すべき,人間の自律性と尊厳を尊重すべき,常に最新のアルゴリズムを採用すべき,開発コストを最小化すべき,B
9. AIの法律・倫理,9.1 AIと倫理,241,AIシステムの「アカウンタビリティ」の説明として最も適切なものはどれか？,システムの計算能力,システムの学習能力,システムの動作に対する責任の所在と説明責任,システムの市場価値,C
9. AIの法律・倫理,9.1 AIと倫理,242,「責任あるAI」の実践として最も適切でないものはどれか？,多様なステークホルダーの参加,継続的なモニタリングと評価,透明性と説明可能性の確保,開発速度の最大化,D
9. AIの法律・倫理,9.1 AIと倫理,243,AIの倫理的問題に対処するための「倫理的インパクトアセスメント」の目的として最も適切なものはどれか？,AIシステムの市場価値を評価する,AIシステムの潜在的な倫理的・社会的影響を事前に評価し対策を講じる,AIシステムの計算効率を評価する,AIシステムの学習速度を評価する,B
9. AIの法律・倫理,9.1 AIと倫理,244,AIの「デュアルユース問題」の説明として最も適切なものはどれか？,同じAI技術が有益な目的と有害な目的の両方に使用できる問題,AIシステムが二つの異なるハードウェアで動作する問題,AIシステムが二つの異なる言語を処理する問題,AIシステムが二人の異なるユーザーに対応する問題,A
9. AIの法律・倫理,9.2 AIと法律,245,日本におけるAI開発ガイドラインを策定している政府機関はどれか？,経済産業省,文部科学省,厚生労働省,国土交通省,A
9. AIの法律・倫理,9.2 AIと法律,246,個人情報保護法におけるAI学習用データの取り扱いとして最も適切なものはどれか？,AIの学習には個人情報保護法は適用されない,個人情報を含むデータを学習に使用する場合、適切な同意取得や匿名化などの対応が必要,AIの学習には必ず匿名データのみを使用しなければならない,AIの学習には常に本人の明示的な同意が必要,B
9. AIの法律・倫理,9.2 AIと法律,247,AIシステムによる自動決定に関するEU一般データ保護規則（GDPR）の規定として最も適切なものはどれか？,自動決定は常に禁止されている,自動決定は常に許可されている,重要な決定に関しては、人間の関与を求める権利が認められている,自動決定は政府機関のみ許可されている,C
9. AIの法律・倫理,9.2 AIと法律,248,AIシステムの開発者の法的責任として最も適切でないものはどれか？,製造物責任法に基づく責任,契約上の責任,不法行為責任,すべてのAI関連事故に対する無過失責任,D
9. AIの法律・倫理,9.2 AIと法律,249,AIによる創作物の著作権に関する現在の一般的な法的解釈として最も適切なものはどれか？,AIによる創作物には常に著作権が発生する,AIによる創作物には著作権が発生しない,AIによる創作物の著作権は常にAIに帰属する,各国の法制度により異なるが、人間の創作的寄与の度合いが重要な判断基準となる,D
9. AIの法律・倫理,9.2 AIと法律,250,AIシステムの特許に関する説明として最も適切なものはどれか？,AIアルゴリズム自体は特許の対象とならない国が多い,AIに関する特許は取得できない,AIに関する特許はすべての国で統一的に保護されている,AIに関する特許は無期限に保護される,A
9. AIの法律・倫理,9.2 AIと法律,251,AIシステムによる差別的取扱いが法的問題となる根拠として最も適切なものはどれか？,著作権法違反,特許法違反,憲法や差別禁止法などの平等原則違反,商標法違反,C
9. AIの法律・倫理,9.2 AIと法律,252,自動運転車の事故における法的責任の所在として、現在の法制度で最も一般的な考え方はどれか？,常に自動運転システムの開発者が全責任を負う,常に車の所有者が全責任を負う,責任の所在は自動運転レベルや状況により異なり、運転者、メーカー、ソフトウェア提供者など複数の関係者間で分担される,自動運転車の事故には誰も責任を負わない,C
9. AIの法律・倫理,9.2 AIと法律,253,AIシステムのセキュリティ脆弱性に関する開発者の法的義務として最も適切なものはどれか？,脆弱性は存在しないシステムを開発する絶対的義務,脆弱性が発見された場合の適切な対応と、合理的なセキュリティ対策を講じる義務,セキュリティに関する法的義務は存在しない,政府機関にすべての脆弱性を報告する義務,B
9. AIの法律・倫理,9.2 AIと法律,254,AIガバナンスの国際的枠組みとして最も適切でないものはどれか？,OECDのAI原則,EUのAI規制法案,国連のAI倫理ガイドライン,世界AI競争法,D
9. AIの法律・倫理,9.3 AIと社会,255,AIの社会実装における「人間中心のAI」の考え方として最も適切なものはどれか？,AIが人間の能力を超えることを目指す,人間の価値観や福祉を中心に据え、人間をサポートするAIを開発する,人間がAIの決定に常に従うべきという考え方,AIの開発は人間のみが行うべきという考え方,B
9. AIの法律・倫理,9.3 AIと社会,256,AIによる雇用への影響に関する一般的な見解として最も適切なものはどれか？,すべての職種が完全に自動化される,AIは雇用に全く影響を与えない,一部の職種は自動化されるが、新たな職種も創出される,サービス業のみが自動化される,C
9. AIの法律・倫理,9.3 AIと社会,257,AIの社会的受容性を高めるために重要な要素として最も適切でないものはどれか？,透明性と説明可能性,プライバシーの保護,公平性と非差別,常に最高の精度を追求すること,D
9. AIの法律・倫理,9.3 AIと社会,258,AIの「デジタルデバイド」問題の説明として最も適切なものはどれか？,AIシステム間の互換性の問題,AIへのアクセスや恩恵における社会集団間の格差,デジタル機器の故障率の問題,AIの計算能力の限界,B
9. AIの法律・倫理,9.3 AIと社会,259,AIの社会実装における「ステークホルダーエンゲージメント」の重要性として最も適切なものはどれか？,開発コストを削減するため,開発速度を向上させるため,多様な視点を取り入れ、社会的受容性を高めるため,マーケティング効果を高めるため,C
9. AIの法律・倫理,9.3 AIと社会,260,AIの「フィルターバブル」問題の説明として最も適切なものはどれか？,AIシステムのフィルタリング機能が故障する問題,AIによるコンテンツ推薦が個人の既存の信念や好みを強化し、多様な情報への接触を制限する問題,AIシステムのメモリ使用量が多くなる問題,AIシステムの処理速度が低下する問題,B
9. AIの法律・倫理,9.3 AIと社会,261,AIの「監視社会」問題に関する懸念として最も適切なものはどれか？,AIシステムの計算コストが高くなる問題,AIシステムの精度が低下する問題,AIを用いた広範な監視がプライバシーや自由を侵害する可能性,AIシステムの開発コストが高くなる問題,C
9. AIの法律・倫理,9.3 AIと社会,262,AIの「フェイクニュース」問題への対策として最も適切でないものはどれか？,メディアリテラシー教育の強化,AIを用いたフェイクニュース検出技術の開発,プラットフォーム事業者の責任強化,インターネット上のすべてのコンテンツの事前審査,D
9. AIの法律・倫理,9.3 AIと社会,263,AIの「軍事利用」に関する倫理的議論として最も適切なものはどれか？,軍事利用は常に倫理的に問題ない,軍事利用は常に倫理的に問題がある,自律型致死兵器システムの開発と使用に関する国際的な規制の必要性が議論されている,軍事利用に関する倫理的議論は存在しない,C
9. AIの法律・倫理,9.3 AIと社会,264,AIの「持続可能な開発目標（SDGs）」への貢献として最も適切でないものはどれか？,気候変動対策のためのデータ分析,医療アクセス向上のための診断支援,教育格差解消のためのパーソナライズド学習,天然資源の無制限な採掘の促進,D
9. AIの法律・倫理,9.4 AIと情報セキュリティ,265,AIシステムのセキュリティ脅威として最も適切でないものはどれか？,敵対的攻撃（Adversarial Attack）,データポイズニング,モデル抽出攻撃,ハードウェアの物理的破壊,D
9. AIの法律・倫理,9.4 AIと情報セキュリティ,266,「敵対的攻撃（Adversarial Attack）」の説明として最も適切なものはどれか？,AIシステムのハードウェアを物理的に攻撃すること,AIシステムを騙すように設計された入力データを用いる攻撃,AIシステムの開発者を脅迫すること,AIシステムのソースコードを盗むこと,B
9. AIの法律・倫理,9.4 AIと情報セキュリティ,267,「データポイズニング」の説明として最も適切なものはどれか？,AIの学習データに悪意のあるデータを混入させる攻撃,AIシステムのメモリを過負荷にする攻撃,AIシステムのハードウェアを破壊する攻撃,AIシステムの出力データを改ざんする攻撃,A
9. AIの法律・倫理,9.4 AIと情報セキュリティ,268,AIシステムのプライバシー保護技術として最も適切でないものはどれか？,連合学習（Federated Learning）,差分プライバシー（Differential Privacy）,秘密計算（Secure Multi-party Computation）,公開鍵暗号化のみの使用,D
9. AIの法律・倫理,9.4 AIと情報セキュリティ,269,AIシステムの「モデル抽出攻撃」の説明として最も適切なものはどれか？,AIモデルのパラメータを物理的に抽出する攻撃,AIモデルのAPIに多数のクエリを送信し、モデルの動作を模倣するモデルを構築する攻撃,AIモデルのハードウェアを破壊する攻撃,AIモデルの開発者のパスワードを盗む攻撃,B
9. AIの法律・倫理,9.4 AIと情報セキュリティ,270,AIシステムのセキュリティ対策として最も適切でないものはどれか？,敵対的訓練（Adversarial Training）,入力検証と異常検知,モデルの堅牢性評価,すべての学習データの公開,D
9. AIの法律・倫理,9.4 AIと情報セキュリティ,271,AIシステムの「メンバーシップ推論攻撃」の説明として最も適切なものはどれか？,特定のデータがモデルの訓練に使用されたかどうかを推測する攻撃,AIシステムのメンバーシップ情報を盗む攻撃,AIシステムのユーザーアカウントを乗っ取る攻撃,AIシステムの開発チームのメンバー情報を盗む攻撃,A
9. AIの法律・倫理,9.4 AIと情報セキュリティ,272,AIシステムの「モデル反転攻撃」の説明として最も適切なものはどれか？,AIモデルを物理的に反転させる攻撃,AIモデルの出力から訓練データの特徴を復元する攻撃,AIモデルの動作を逆転させる攻撃,AIモデルのパラメータの符号を反転させる攻撃,B
9. AIの法律・倫理,9.4 AIと情報セキュリティ,273,AIシステムのセキュリティ評価において重要な観点として最も適切でないものはどれか？,堅牢性（Robustness）,完全性（Integrity）,機密性（Confidentiality）,開発速度（Development Speed）,D
9. AIの法律・倫理,9.4 AIと情報セキュリティ,274,AIセキュリティの国際標準化を進めている組織として最も適切なものはどれか？,FIFA,ISO/IEC,WHO,IMF,B
9. AIの法律・倫理,9.5 AIと知的財産,275,AIシステムの学習データに関する著作権の取り扱いとして、日本の現行法制度における一般的な解釈はどれか？,AIの学習のためのデータ利用は常に著作権侵害となる,AIの学習のためのデータ利用は常に著作権侵害とならない,一定の条件下でAIの学習目的のデータ利用が認められる（著作権法第30条の4など）,AIの学習に関する著作権法の規定は存在しない,C
9. AIの法律・倫理,9.5 AIと知的財産,276,AIによる生成物の著作権に関する国際的な議論の焦点として最も適切なものはどれか？,AIによる生成物には常に著作権が発生するという考え方,AIによる生成物には常に著作権が発生しないという考え方,人間の創作的寄与の度合いによって著作権の発生や帰属が決まるという考え方,AIによる生成物の著作権は常にAI自身に帰属するという考え方,C
9. AIの法律・倫理,9.5 AIと知的財産,277,AIシステム自体の特許保護に関する一般的な考え方として最も適切なものはどれか？,AIアルゴリズム自体は抽象的なアイデアとして特許保護の対象外となる場合が多い,AIアルゴリズムは常に特許保護の対象となる,AIに関する特許は取得できない,AIに関する特許は無期限に保護される,A
9. AIの法律・倫理,9.5 AIと知的財産,278,AIによる発明の特許出願に関する国際的な議論の焦点として最も適切なものはどれか？,AIによる発明は常に特許の対象となるという考え方,AIによる発明は常に特許の対象とならないという考え方,発明者としてAIを認めるかどうかという問題,AIによる発明の特許権は常にAI自身に帰属するという考え方,C
9. AIの法律・倫理,9.5 AIと知的財産,279,AIシステムの開発における「オープンソース」の利点として最も適切でないものはどれか？,知識の共有と技術の発展促進,開発コストの削減,透明性の向上,常に最高レベルのセキュリティ保証,D
9. AIの法律・倫理,9.5 AIと知的財産,280,AIシステムの「営業秘密」保護に関する説明として最も適切なものはどれか？,AIアルゴリズムは常に営業秘密として保護される,AIアルゴリズムは営業秘密として保護できない,秘密管理性、有用性、非公知性の要件を満たすAI関連情報は営業秘密として保護される,AIに関する営業秘密保護の法的枠組みは存在しない,C
9. AIの法律・倫理,9.5 AIと知的財産,281,AIシステムの「データ所有権」に関する現在の法的状況として最も適切なものはどれか？,データそのものに明確な所有権が認められている,データそのものには所有権が認められず、契約やアクセス制限などで保護される場合が多い,すべてのデータは公共財として扱われる,データの所有権は常にデータ生成者に帰属する,B
9. AIの法律・倫理,9.5 AIと知的財産,282,AIシステムの「ライセンス」に関する説明として最も適切でないものはどれか？,オープンソースAIライブラリには様々なライセンス条件がある,商用AIシステムは通常、利用条件を定めたライセンス契約の下で提供される,ライセンス違反は法的責任を生じさせる可能性がある,AIシステムのライセンスは法的拘束力を持たない,D
9. AIの法律・倫理,9.5 AIと知的財産,283,AIシステムの「パテントプール」の説明として最も適切なものはどれか？,AIに関するすべての特許を無効化する仕組み,複数の特許権者がそれぞれの特許をライセンスし合う仕組み,AIの特許出願を一時的に停止する仕組み,AIの特許権を政府が買い上げる仕組み,B
9. AIの法律・倫理,9.5 AIと知的財産,284,AIシステムの「標準必須特許（SEP）」の説明として最も適切なものはどれか？,AIに関するすべての特許,最も価値の高いAI特許,技術標準を実施するために不可欠な特許,政府が認定したAI特許,C
9. AIの法律・倫理,9.6 AIと個人情報保護,285,日本の個人情報保護法におけるAI学習データの取り扱いとして最も適切なものはどれか？,AIの学習には個人情報保護法は適用されない,個人情報を含むデータをAIの学習に使用する場合、原則として本人の同意が必要,AIの学習には匿名加工情報のみを使用しなければならない,AIの学習目的であれば、どのような個人情報も自由に利用できる,B
9. AIの法律・倫理,9.6 AIと個人情報保護,286,EU一般データ保護規則（GDPR）における「プロファイリング」の規制に関する説明として最も適切なものはどれか？,プロファイリングは常に禁止されている,プロファイリングは常に許可されている,重要な決定に関するプロファイリングについて、異議申立権や人間の介入を求める権利などが認められている,プロファイリングはEU域外の企業には適用されない,C
9. AIの法律・倫理,9.6 AIと個人情報保護,287,AIシステムにおける「データ最小化の原則」の説明として最も適切なものはどれか？,できるだけ多くのデータを収集すべきという原則,目的に必要な最小限のデータのみを収集・処理すべきという原則,データサイズを物理的に最小化すべきという原則,データ処理の頻度を最小化すべきという原則,B
9. AIの法律・倫理,9.6 AIと個人情報保護,288,AIシステムにおける「プライバシー・バイ・デザイン」の考え方として最も適切なものはどれか？,システム開発の最終段階でプライバシー対策を追加する,システム設計の初期段階からプライバシー保護を組み込む,プライバシーに関する法的要件を最小限満たす,プライバシー保護よりもシステムの機能性を優先する,B
9. AIの法律・倫理,9.6 AIと個人情報保護,289,AIシステムにおける「仮名化」と「匿名化」の違いとして最も適切なものはどれか？,仮名化は個人を特定できなくするが、匿名化は個人を特定できる,仮名化は追加情報を用いれば再識別可能だが、匿名化は再識別が不可能または極めて困難,仮名化は法的規制の対象外だが、匿名化は法的規制の対象,仮名化と匿名化に法的な違いはない,B
9. AIの法律・倫理,9.6 AIと個人情報保護,290,AIシステムにおける「データポータビリティの権利」の説明として最も適切なものはどれか？,個人が自分のデータを他のサービスに移行できる権利,企業がデータを国境を越えて移転できる権利,AIシステムがデータを自動的に転送する機能,データを物理的に持ち運ぶ権利,A
9. AIの法律・倫理,9.6 AIと個人情報保護,291,AIシステムにおける「忘れられる権利」の説明として最も適切なものはどれか？,AIシステムが情報を忘れる能力,個人が自分に関するデータの削除を要求できる権利,企業がデータを定期的に削除する義務,AIシステムの記憶容量の制限,B
9. AIの法律・倫理,9.6 AIと個人情報保護,292,AIシステムにおける「データ保護影響評価（DPIA）」の目的として最も適切なものはどれか？,データ処理の経済的影響を評価する,データ処理がプライバシーに与えるリスクを事前に評価し対策を講じる,データ処理の技術的効率性を評価する,データ処理の市場競争力を評価する,B
9. AIの法律・倫理,9.6 AIと個人情報保護,293,AIシステムにおける「越境データ移転」の規制に関する説明として最も適切なものはどれか？,データの国際移転は常に禁止されている,データの国際移転は常に自由に行える,多くの国・地域では、一定の保護水準を満たす場合にのみデータの国際移転が認められる,データの国際移転に関する規制は存在しない,C
9. AIの法律・倫理,9.6 AIと個人情報保護,294,AIシステムにおける「同意」の要件として最も適切でないものはどれか？,自由に与えられたものであること,特定の目的に対するものであること,情報を与えられた上でのものであること,一度与えた同意は撤回できないこと,D
9. AIの法律・倫理,9.7 AIガバナンス,295,「AIガバナンス」の定義として最も適切なものはどれか？,AIシステムの開発・運用・利用を適切に管理・監督するための枠組み,AIシステムの技術的性能を向上させるための手法,AIシステムの市場シェアを拡大するための戦略,AIシステムの開発コストを削減するための方法,A
9. AIの法律・倫理,9.7 AIガバナンス,296,AIガバナンスの国際的枠組みとして最も適切でないものはどれか？,OECDのAI原則,EUのAI規制法案,IEEE倫理的に調和したデザイン,世界AI統治条約,D
9. AIの法律・倫理,9.7 AIガバナンス,297,日本政府のAI社会原則の基本理念として含まれないものはどれか？,人間中心のAI社会,教育・リテラシーの強化,プライバシー確保,技術優先主義,D
9. AIの法律・倫理,9.7 AIガバナンス,298,「AI倫理ガイドライン」の役割として最も適切なものはどれか？,法的拘束力のある規制を課す,AIの技術的性能基準を定める,AIの開発・利用における倫理的原則や行動指針を提供する,AIの市場価格を規制する,C
9. AIの法律・倫理,9.7 AIガバナンス,299,AIガバナンスにおける「マルチステークホルダーアプローチ」の説明として最も適切なものはどれか？,複数のAIシステムを同時に管理する方法,政府、企業、市民社会、技術者など多様な関係者が参加する協調的なガバナンス,複数の国が共同でAIを開発する方法,複数の言語でAIシステムを提供する方法,B
9. AIの法律・倫理,9.7 AIガバナンス,300,AIガバナンスにおける「リスクベースアプローチ」の説明として最も適切なものはどれか？,常にリスクを避けるアプローチ,AIシステムのリスクレベルに応じて規制の厳格さを調整するアプローチ,リスクの高いAIシステムの開発を禁止するアプローチ,リスク評価を行わないアプローチ,B
9. AIの法律・倫理,9.7 AIガバナンス,301,AIガバナンスにおける「自主規制」と「法的規制」の関係として最も適切なものはどれか？,自主規制と法的規制は常に対立する,自主規制は不要で、法的規制のみが効果的,法的規制は不要で、自主規制のみが効果的,自主規制と法的規制は補完的な役割を果たすことが多い,D
9. AIの法律・倫理,9.7 AIガバナンス,302,AIガバナンスにおける「アルゴリズム影響評価」の目的として最も適切なものはどれか？,アルゴリズムの計算効率を評価する,アルゴリズムの社会的・倫理的影響を事前に評価し対策を講じる,アルゴリズムの市場価値を評価する,アルゴリズムの技術的新規性を評価する,B
9. AIの法律・倫理,9.7 AIガバナンス,303,AIガバナンスにおける「認証・標準化」の役割として最も適切なものはどれか？,AIシステムの市場価格を統一する,AIシステムの品質、安全性、信頼性などを客観的に評価・保証する枠組みを提供する,AIシステムの開発を一つの企業に独占させる,AIシステムの技術革新を抑制する,B
9. AIの法律・倫理,9.7 AIガバナンス,304,AIガバナンスにおける「透明性レポート」の目的として最も適切なものはどれか？,AIシステムの財務状況を公開する,AIシステムの技術的詳細をすべて公開する,AIシステムの利用状況、影響、対策などに関する情報を定期的に公開する,AIシステムの市場シェアを公開する,C
9. AIの法律・倫理,9.8 AIと人間社会,305,AIと人間の協働に関する考え方として最も適切なものはどれか？,AIは常に人間の指示に従うべき,人間はAIの判断に常に従うべき,AIと人間がそれぞれの強みを活かして補完し合う関係が理想的,AIと人間は常に競争関係にあるべき,C
9. AIの法律・倫理,9.8 AIと人間社会,306,AIによる自動化が雇用に与える影響に関する一般的な見解として最も適切なものはどれか？,すべての職種が完全に自動化される,AIは雇用に全く影響を与えない,定型的なタスクは自動化されやすいが、創造性や対人スキルを要する職種は比較的影響が少ない,サービス業のみが自動化される,C
9. AIの法律・倫理,9.8 AIと人間社会,307,AIリテラシーの重要性として最も適切なものはどれか？,すべての人がAIプログラミングを習得すべき,AIの基本的な仕組みや限界を理解し、適切に活用・評価する能力が社会全体に必要,AIリテラシーは技術者のみに必要,AIリテラシーは不要になりつつある,B
9. AIの法律・倫理,9.8 AIと人間社会,308,AIの「フィルターバブル」と「エコーチェンバー」の問題に共通する懸念として最も適切なものはどれか？,AIシステムの計算コストが高くなる問題,多様な情報や視点への接触が制限され、偏った見方が強化される可能性,AIシステムの精度が低下する問題,AIシステムのメモリ使用量が増加する問題,B
9. AIの法律・倫理,9.8 AIと人間社会,309,AIによる創造性支援ツールの社会的影響として最も適切でないものはどれか？,創作活動のハードルを下げる可能性,新たな表現形式の創出,著作権や帰属の問題の複雑化,人間の創造性の完全な代替,D
9. AIの法律・倫理,9.8 AIと人間社会,310,AIと人間の意思決定の関係として最も適切なものはどれか？,重要な意思決定はすべてAIに委ねるべき,AIは意思決定に全く関与すべきでない,AIは意思決定を支援するツールとして活用し、最終判断には人間の関与が重要,AIと人間は常に同じ意思決定をすべき,C
9. AIの法律・倫理,9.8 AIと人間社会,311,AIの「説明責任」が特に重要となる分野として最も適切でないものはどれか？,医療診断,司法判断,金融審査,単純な画像分類,D
9. AIの法律・倫理,9.8 AIと人間社会,312,AIの社会実装における「インクルージョン（包摂性）」の重要性として最も適切なものはどれか？,できるだけ多くのAIシステムを導入すること,多様な人々がAIの恩恵を受けられるよう、アクセシビリティや公平性に配慮すること,AIシステムの機能をできるだけ多くすること,AIシステムの価格をできるだけ安くすること,B
9. AIの法律・倫理,9.8 AIと人間社会,313,AIの「人間拡張（Human Augmentation）」の考え方として最も適切なものはどれか？,AIが人間を支配する概念,AIが人間の能力を補完・拡張する概念,人間がAIを完全にコントロールする概念,人間とAIの対立関係を表す概念,B
9. AIの法律・倫理,9.8 AIと人間社会,314,AIの社会的受容性を高めるために重要な要素として最も適切でないものはどれか？,透明性と説明可能性,公平性と非差別,プライバシーの保護,技術的複雑性の追求,D
9. AIの法律・倫理,9.9 AIと持続可能性,315,"AIの法律・倫理

## 9.1 AIと倫理

1. AIの倫理的課題として最も適切でないものはどれか？",プライバシーの侵害,意思決定の透明性の欠如,バイアスと差別,計算効率の低下,D
9. AIの法律・倫理,9.9 AIと持続可能性,316,AIと持続可能な開発目標（SDGs）の関係として最も適切なものはどれか？,AIはSDGsの達成に貢献することも、阻害することもある,AIはSDGsの達成に常に貢献する,AIはSDGsの達成を常に阻害する,AIとSDGsには関連性がない,A
9. AIの法律・倫理,9.9 AIと持続可能性,317,AIの環境影響として考慮すべき要素として最も適切でないものはどれか？,大規模モデルの学習・推論に伴うエネルギー消費,データセンターの冷却に必要な水資源,電子機器の製造・廃棄に伴う環境負荷,AIの開発者の通勤手段,D
9. AIの法律・倫理,9.9 AIと持続可能性,318,AIの「グリーンAI」の考え方として最も適切なものはどれか？,環境問題解決のためのAI活用,計算効率と環境負荷を考慮したAI開発,緑色のインターフェースを持つAI,農業分野専用のAI,B
9. AIの法律・倫理,9.9 AIと持続可能性,319,AIの環境モニタリングへの応用例として最も適切でないものはどれか？,衛星画像からの森林減少検出,センサーデータからの大気汚染予測,野生動物の個体数推定,株価予測,D
9. AIの法律・倫理,9.9 AIと持続可能性,320,AIのエネルギー効率を向上させるアプローチとして最も適切でないものはどれか？,モデルの軽量化・圧縮,効率的なハードウェアの開発,より大規模なモデルの構築,計算リソースの最適化,C
9. AIの法律・倫理,9.9 AIと持続可能性,321,AIの「持続可能な消費と生産」への貢献例として最も適切でないものはどれか？,サプライチェーン最適化による資源効率向上,予測メンテナンスによる製品寿命延長,需要予測による廃棄物削減,消費を促進するための個人向け広告の最適化,D
9. AIの法律・倫理,9.9 AIと持続可能性,322,AIの「気候変動対策」への貢献例として最も適切でないものはどれか？,再生可能エネルギーの発電量予測,建物のエネルギー効率最適化,気候モデルの精度向上,化石燃料採掘の効率化,D
9. AIの法律・倫理,9.9 AIと持続可能性,323,AIの「持続可能な都市」への貢献例として最も適切でないものはどれか？,スマートグリッドによるエネルギー管理,交通流最適化による渋滞・排出ガス削減,都市計画のシミュレーション,監視カメラの無制限な増設,D
9. AIの法律・倫理,9.9 AIと持続可能性,324,AIの「持続可能性評価」の重要性として最も適切なものはどれか？,AIシステムの環境・社会・経済的影響を総合的に評価し、持続可能な開発に貢献することを確認する,AIシステムの市場価値のみを評価する,AIシステムの技術的性能のみを評価する,AIシステムの開発コストのみを評価する,A
9. AIの法律・倫理,9.9 AIと持続可能性,325,AIの「循環経済」への貢献例として最も適切でないものはどれか？,製品設計の最適化による資源効率向上,廃棄物の分別・リサイクル自動化,製品の再利用・修理可能性の向上,使い捨て製品の販売促進,D
